-- phpMyAdmin SQL Dump
-- version 4.9.7
-- https://www.phpmyadmin.net/
--
-- Máy chủ: localhost:3306
-- Thời gian đã tạo: Th5 08, 2022 lúc 05:14 PM
-- Phiên bản máy phục vụ: 5.7.33-cll-lve
-- Phiên bản PHP: 7.3.32

SET SQL_MODE = "NO_AUTO_VALUE_ON_ZERO";
SET AUTOCOMMIT = 0;
START TRANSACTION;
SET time_zone = "+00:00";


/*!40101 SET @OLD_CHARACTER_SET_CLIENT=@@CHARACTER_SET_CLIENT */;
/*!40101 SET @OLD_CHARACTER_SET_RESULTS=@@CHARACTER_SET_RESULTS */;
/*!40101 SET @OLD_COLLATION_CONNECTION=@@COLLATION_CONNECTION */;
/*!40101 SET NAMES utf8mb4 */;

--
-- Cơ sở dữ liệu: `zlkkzyhm_nhom8`
--

-- --------------------------------------------------------

--
-- Cấu trúc bảng cho bảng `category`
--

CREATE TABLE `category` (
  `Cat_ID` int(11) NOT NULL,
  `Category` varchar(255) COLLATE utf8mb4_unicode_ci NOT NULL
) ENGINE=InnoDB DEFAULT CHARSET=utf8mb4 COLLATE=utf8mb4_unicode_ci;

--
-- Đang đổ dữ liệu cho bảng `category`
--

INSERT INTO `category` (`Cat_ID`, `Category`) VALUES
(1, 'Bắc'),
(2, 'Trung'),
(3, 'Nam');

-- --------------------------------------------------------

--
-- Cấu trúc bảng cho bảng `comments`
--

CREATE TABLE `comments` (
  `id` int(11) NOT NULL,
  `name` varchar(255) COLLATE utf8mb4_unicode_ci NOT NULL,
  `comment` mediumtext COLLATE utf8mb4_unicode_ci,
  `review` varchar(11) COLLATE utf8mb4_unicode_ci DEFAULT NULL,
  `NewsID` int(11) NOT NULL
) ENGINE=InnoDB DEFAULT CHARSET=utf8mb4 COLLATE=utf8mb4_unicode_ci;

--
-- Đang đổ dữ liệu cho bảng `comments`
--

INSERT INTO `comments` (`id`, `name`, `comment`, `review`, `NewsID`) VALUES
(142, 'hang', 'com ga ta ngon', '⭐ ', 27),
(145, 'luu', 'Ngon ngon', '⭐ ', 27),
(171, 'muối', 'Hơi ngọt', '⭐ ⭐ ⭐ ⭐ ', 57),
(172, 'vy', 'Ngon quá', '⭐ ⭐ ⭐ ⭐ ⭐ ', 54),
(174, 'helo', 'đơn giản, dễ làm ghê', '⭐ ⭐ ⭐ ⭐ ⭐ ', 58),
(175, 'hippo', 'Rất có ích', '⭐ ⭐ ⭐ ⭐ ', 61),
(176, 'hippo', 'Đã áp dụng! Rất ngon nhé', '⭐ ⭐ ⭐ ⭐ ⭐ ', 50),
(177, 'hippo', 'Ngon! Bài viết rất có ích, 5*', '⭐ ⭐ ⭐ ⭐ ⭐ ', 57),
(178, 'hippo', 'Công thức hơi cay, bỏ ớt lại', '⭐ ⭐ ⭐ ⭐ ', 54),
(179, 'hippo', 'Đã áp dụng thành công! Cơm ngon nhé cả nhà', '⭐ ⭐ ⭐ ⭐ ⭐ ', 53),
(180, 'hang', 'công thức rất hay. Đã thực hiện thành công.', '⭐ ⭐ ⭐ ⭐ ⭐ ', 60),
(182, 'hanh', 'ngon bá cháy', '⭐ ⭐ ⭐ ⭐ ⭐ ', 60),
(184, 'luu', 'tuyệt vời', '⭐ ⭐ ⭐ ⭐ ⭐ ', 60);

-- --------------------------------------------------------

--
-- Cấu trúc bảng cho bảng `news`
--

CREATE TABLE `news` (
  `ProductID` int(11) NOT NULL,
  `Name` varchar(255) COLLATE utf8mb4_unicode_ci NOT NULL,
  `Img` char(30) COLLATE utf8mb4_unicode_ci NOT NULL,
  `Ingredient` mediumtext COLLATE utf8mb4_unicode_ci NOT NULL,
  `Recipe` longtext COLLATE utf8mb4_unicode_ci NOT NULL,
  `Cat_ID` int(11) NOT NULL,
  `user_ID` int(11) NOT NULL,
  `created_on` timestamp NOT NULL DEFAULT CURRENT_TIMESTAMP
) ENGINE=InnoDB DEFAULT CHARSET=utf8mb4 COLLATE=utf8mb4_unicode_ci;

--
-- Đang đổ dữ liệu cho bảng `news`
--

INSERT INTO `news` (`ProductID`, `Name`, `Img`, `Ingredient`, `Recipe`, `Cat_ID`, `user_ID`, `created_on`) VALUES
(27, 'Cơm gà Hội An', 'T2.jpg', '<ul>\r\n	<li>G&agrave; ta&nbsp;<small>800 gr</small></li>\r\n	<li>Gạo&nbsp;<small>160 gr</small>&nbsp;</li>\r\n	<li>H&agrave;nh t&acirc;y&nbsp;<small>3 củ</small>&nbsp;</li>\r\n	<li>Bột nghệ&nbsp;<small>1 muỗng c&agrave; ph&ecirc;</small>&nbsp;</li>\r\n	<li>Chanh&nbsp;<small>1/2 quả</small>&nbsp;</li>\r\n	<li>Ớt&nbsp;<small>4 tr&aacute;i</small>&nbsp;</li>\r\n	<li>H&agrave;nh phi&nbsp;<small>50 gr</small>&nbsp;</li>\r\n	<li>Rau răm&nbsp;<small>100 gr</small>&nbsp;</li>\r\n	<li>Gia vị th&ocirc;ng dụng<small>&nbsp;</small><em>(muối/ ti&ecirc;u xay/ đường/ hạt n&ecirc;m)</em></li>\r\n</ul>\r\n', '<h3><strong>Bước 1: Sơ chế g&agrave; v&agrave; luộc g&agrave;</strong></h3>\r\n\r\n<p>Thịt g&agrave; mua về bạn rửa sạch với nước muối pha lo&atilde;ng trong khoảng 5 - 10 ph&uacute;t. Sau đ&oacute; xả lại với nước sạch, để r&aacute;o.</p>\r\n\r\n<p>Bắc&nbsp;nồi&nbsp;l&ecirc;n&nbsp;bếp, cho 1.5 l&iacute;t nước v&agrave; g&agrave; đ&atilde; rửa sạch v&agrave;o nồi. Tiếp đến, cho v&agrave;o nồi nước luộc g&agrave; 1 củ h&agrave;nh t&acirc;y (đ&atilde; rửa sạch), 1&nbsp;muỗng&nbsp;c&agrave; ph&ecirc; muối v&agrave; 1 muỗng c&agrave; ph&ecirc; hạt n&ecirc;m.</p>\r\n\r\n<p>Tiến h&agrave;nh luộc g&agrave; ở lửa vừa. Khi nước s&ocirc;i, hạ nhỏ lửa v&agrave; tiếp tục luộc g&agrave; trong khoảng 15 - 30 ph&uacute;t nữa th&igrave; tắt bếp, vớt g&agrave; ra cho v&agrave;o&nbsp;thau&nbsp;nước lạnh để g&agrave; săn lại v&agrave; kh&ocirc;ng bị xỉn m&agrave;u.</p>\r\n\r\n<h3><strong>Bước 2: Sơ chế c&aacute;c nguy&ecirc;n liệu kh&aacute;c</strong></h3>\r\n\r\n<p>Đem 160gr gạo đi ng&acirc;m khoảng 15 ph&uacute;t. Sau khi ng&acirc;m, đổ hết nước ng&acirc;m v&agrave; giữ lại gạo.</p>\r\n\r\n<p>Tiếp đến, lột bỏ vỏ 2 củ h&agrave;nh t&acirc;y, sau đ&oacute; d&ugrave;ng&nbsp;dao&nbsp;cắt h&agrave;nh th&agrave;nh những miếng mỏng v&agrave; nhỏ rồi ng&acirc;m v&agrave;o hỗn hợp nước muối khoảng 15 ph&uacute;t, cuối c&ugrave;ng vớt h&agrave;nh t&acirc;y ra v&agrave; để r&aacute;o nước.</p>\r\n\r\n<p>Tiếp theo, chuẩn bị ch&eacute;n sạch. Cho 1 muỗng c&agrave; ph&ecirc; muối, 1 muỗng c&agrave; ph&ecirc; đường v&agrave; 1 muỗng c&agrave; ph&ecirc; ti&ecirc;u xay v&agrave;o&nbsp;ch&eacute;n&nbsp;v&agrave; trộn đều để l&agrave;m muối ti&ecirc;u trộn với gỏi g&agrave;.</p>\r\n\r\n<p>Rau răm rửa sạch, ớt tr&aacute;i cắt l&aacute;t nhỏ vừa ăn.</p>\r\n\r\n<h3><strong>Bước 3: Nấu cơm</strong></h3>\r\n\r\n<p>Cho v&agrave;o nồi nước luộc g&agrave; 1 muỗng c&agrave; ph&ecirc; bột nghệ v&agrave; gạo đ&atilde; ng&acirc;m v&agrave; bắt đầu nấu cơm ở lửa nhỏ. Trong l&uacute;c nấu, đảo gạo đều tay để c&aacute;c hạt gạo thấm đều bột nghệ.</p>\r\n\r\n<p>Nấu cho đến khi cơm ch&iacute;n mềm, v&agrave;ng ươm đẹp mắt l&agrave; được.</p>\r\n\r\n<h3><strong>Bước 4: L&agrave;m g&agrave; x&eacute;</strong></h3>\r\n\r\n<p>Thịt g&agrave; đ&atilde; luộc bạn x&eacute; th&agrave;nh c&aacute;c miếng nhỏ vừa ăn v&agrave; cho v&agrave;o thau sạch.</p>\r\n\r\n<p>Tiếp đến, cho h&agrave;nh t&acirc;y đ&atilde; cắt mỏng, hỗn hợp muối ti&ecirc;u đ&atilde; l&agrave;m v&agrave; vắt 1/2 quả chanh v&agrave;o thau. Sau đ&oacute;, cho tiếp 50gr h&agrave;nh phi v&agrave;o v&agrave; trộn đều hỗn hợp cho c&aacute;c nguy&ecirc;n liệu thấm đều v&agrave;o nhau l&agrave; được.</p>\r\n\r\n<h3><strong>Bước 5: Th&agrave;nh phẩm</strong></h3>\r\n\r\n<p>Cho cơm ch&iacute;n ra&nbsp;t&ocirc;, &eacute;p chặt v&agrave; đổ cơm ra&nbsp;dĩa. Đặt gỏi g&agrave; b&ecirc;n cạnh v&agrave; rắc l&ecirc;n gỏi g&agrave; một &iacute;t rau răm c&ugrave;ng ớt cắt l&aacute;t l&agrave; m&oacute;n ăn đ&atilde; ho&agrave;n th&agrave;nh.</p>\r\n\r\n<p>Hạt cơm ch&iacute;n mềm, v&agrave;ng ươm đẹp mắt, g&agrave; mềm thơm, chua chua ngọt ngọt ăn rất th&iacute;ch. M&oacute;n cơm g&agrave; Hội An ăn k&egrave;m với&nbsp;nước tương&nbsp;(x&igrave; dầu) th&igrave; ngon hết chỗ ch&ecirc;.</p>\r\n', 2, 2, '2022-05-01 09:45:17'),
(50, 'Bánh xèo', 'tải xuống.jpg', '<ul>\r\n	<li>500&nbsp;g&nbsp;bột gạo</li>\r\n	<li>100&nbsp;g&nbsp;đậu xanh đ&atilde; x&aacute;t vỏ, ng&acirc;m nở</li>\r\n	<li>300&nbsp;g&nbsp;dừa nạo</li>\r\n	<li>H&agrave;nh l&aacute;, tỏi, ớt, chanh, h&agrave;nh kh&ocirc;</li>\r\n	<li>300&nbsp;g&nbsp;thịt ba chỉ</li>\r\n	<li>300&nbsp;g&nbsp;t&ocirc;m tươi</li>\r\n	<li>50&nbsp;g&nbsp;mỡ lợn</li>\r\n	<li>1&nbsp;th&igrave;a bột nghệ</li>\r\n	<li>1&nbsp;th&igrave;a đường</li>\r\n	<li>4&nbsp;th&igrave;a nước mắm</li>\r\n	<li>0.5&nbsp;th&igrave;a hạt n&ecirc;m, muối, ớt bột, ti&ecirc;u</li>\r\n	<li>2&nbsp;quả&nbsp;trứng g&agrave;</li>\r\n	<li>Cải bẹ xanh, h&uacute;ng quế, h&uacute;ng lủi, diếp c&aacute;, t&iacute;a t&ocirc;</li>\r\n	<li>300&nbsp;g&nbsp;gi&aacute; đỗ</li>\r\n</ul>\r\n', '<h3><strong>Bước 1: Chuẩn bị bột b&aacute;nh x&egrave;o</strong></h3>\r\n\r\n<ul>\r\n	<li>\r\n	<p>Bạn đem dừa nạo bỏ v&agrave;o một t&uacute;i vải sau đ&oacute; cho v&agrave;o thau. Đổ v&agrave;o thau 1 l&iacute;t nước rồi nh&agrave;o t&uacute;i dừa cho ra hết phần nước cốt th&igrave; bỏ x&aacute;c dừa đi.</p>\r\n	</li>\r\n	<li>\r\n	<p>Tiếp theo, bạn đổ 500 g bột gạo v&agrave;o thau nước cốt dừa. Cho th&ecirc;m phần bột nghệ đ&atilde; chuẩn bị v&agrave; một ch&uacute;t muối v&agrave;o. Tiếp đ&oacute;, bạn đập hai quả trứng g&agrave;, đ&aacute;nh đều rồi cũng cho v&agrave;o thau bột. Bạn khuấy đều cho bột tan ra, xong đem bột lọc qua ray rồi cho v&agrave;o tủ lạnh để bột nghỉ khoảng 1 tiếng.</p>\r\n	</li>\r\n</ul>\r\n\r\n<h3><strong>Bước 2: L&agrave;m nh&acirc;n b&aacute;nh x&egrave;o</strong></h3>\r\n\r\n<ul>\r\n	<li>\r\n	<p>Bạn đem 100 g đỗ đ&atilde; ng&acirc;m nở cho v&agrave;o nồi c&ugrave;ng với 300 ml nước rồi nấu đỗ cho thật nhừ th&igrave; tắt bếp bỏ v&agrave;o m&aacute;y xay để xay nhuyễn.</p>\r\n	</li>\r\n	<li>\r\n	<p>Tiếp theo, bạn đem thịt th&aacute;i th&agrave;nh miếng nhỏ. T&ocirc;m nhặt sạch rồi đem h&agrave;nh, tỏi, ớt băm nhỏ. H&agrave;nh l&aacute; xắt nhuyễn.</p>\r\n	</li>\r\n	<li>\r\n	<p>Sau khi sơ chế xong bạn đem t&ocirc;m, thịt đổ chung v&agrave;o một t&ocirc; để ướp gia vị. Bạn đổ phần gia vị như hạt n&ecirc;m, hạt ti&ecirc;u, muối, ớt bột đ&atilde; chuẩn bị v&agrave; một phần h&agrave;nh, tỏi băm nhuyễn v&agrave;o đảo đều để t&ocirc;m, thịt ngấm gia vị. Bạn ướp t&ocirc;m, thịt khoảng 15 ph&uacute;t th&igrave; đem x&agrave;o ch&iacute;n.</p>\r\n	</li>\r\n	<li>\r\n	<p>Lấy phần&nbsp;t&ocirc;m thịt đ&atilde; x&agrave;o&nbsp;kết hợp với gi&aacute; đỗ để l&agrave;m nh&acirc;n.</p>\r\n	</li>\r\n</ul>\r\n\r\n<h3><strong>Bước 3: Tr&aacute;ng b&aacute;nh x&egrave;o</strong></h3>\r\n\r\n<ul>\r\n	<li>\r\n	<p>Phần nh&acirc;n bạn chuẩn bị xong th&igrave; lấy phần bột đ&atilde; được nghỉ đủ thời gian ra rồi cho h&agrave;nh l&aacute; xắt nhuyễn v&agrave; đỗ xanh nấu nhừ v&agrave;o khuấy đều.</p>\r\n	</li>\r\n	<li>\r\n	<p>Tiếp theo bạn lấy đũa xi&ecirc;n v&agrave;o giữa miếng mỡ lợn rồi đặt chảo l&ecirc;n bếp cho n&oacute;ng gi&agrave; th&igrave; thoa mỡ l&ecirc;n khắp l&ograve;ng chảo. Khi chảo n&oacute;ng bạn đổ bột v&agrave;o, nhanh tay tr&aacute;ng đều cho bột t&aacute;n đều khắp l&ograve;ng chảo đến th&agrave;nh chảo.</p>\r\n	</li>\r\n	<li>\r\n	<p>Sau đ&oacute; bạn cho nh&acirc;n b&aacute;nh v&agrave;o l&ograve;ng b&aacute;nh x&egrave;o. Cho v&agrave;o một b&ecirc;n chứ kh&ocirc;ng cho v&agrave;o giữa b&aacute;nh.</p>\r\n	</li>\r\n	<li>\r\n	<p>Bạn đậy nắp chảo lại để b&aacute;nh trong khoảng 2 ph&uacute;t với lửa nhỏ. sau đ&oacute; mở nắp vung ra tiếp tục để b&aacute;nh trong khoảng 5 ph&uacute;t thấy b&aacute;nh ch&iacute;n v&agrave;ng gi&ograve;n th&igrave; gấp b&aacute;nh lại bao k&iacute;n nh&acirc;n rồi lấy ra.</p>\r\n	</li>\r\n	<li>\r\n	<p>Bạn l&agrave;m tiếp tục như vậy cho đến khi hết nh&acirc;n v&agrave; hết bột b&aacute;nh th&igrave; ho&agrave;n th&agrave;nh.</p>\r\n	</li>\r\n</ul>\r\n\r\n<h3><strong>Bước 4: Pha nước chấm</strong></h3>\r\n\r\n<ul>\r\n	<li>\r\n	<p>Bạn đổ nửa b&aacute;t nước lớn v&agrave;o nồi sau đ&oacute; cho nước mắm v&agrave; đường đ&atilde; chuẩn bị v&agrave;o đun cho tan đường ra th&igrave; bắc xuống để nguội.</p>\r\n	</li>\r\n	<li>\r\n	<p>Khi nước mắm nguội, con vắt v&agrave;o đ&oacute; một quả chanh rồi khuấy đều sau đ&oacute; cho phần h&agrave;nh, tỏi đ&atilde; băm nhuyễn l&agrave; ho&agrave;n th&agrave;nh b&aacute;t nước mắm.</p>\r\n	</li>\r\n</ul>\r\n\r\n<h3><strong>Bước 5: Ho&agrave;n th&agrave;nh</strong></h3>\r\n\r\n<ul>\r\n	<li>\r\n	<p>Bạn đem b&aacute;nh x&egrave;o đ&atilde; tr&aacute;ng hết xếp v&agrave;o một c&aacute;i m&acirc;m c&oacute; l&oacute;t l&aacute; chuối, để k&egrave;m c&aacute;c loại rau thơm đ&atilde; chuẩn bị. Cho v&agrave;o một b&aacute;t nước mắm đ&atilde; pha th&igrave; bạn đ&atilde; c&oacute; một m&oacute;n b&aacute;nh x&egrave;o ngon cho cả gia đ&igrave;nh c&ugrave;ng thưởng thức.</p>\r\n	</li>\r\n</ul>\r\n', 2, 9, '2022-05-02 08:54:58'),
(53, 'Cơm tấm sườn rim', 'comtamrim.jpg', '<p>Gạo tấm:&nbsp;300g&nbsp;</p>\r\n\r\n<p>Gạo trắng:&nbsp;60g&nbsp;</p>\r\n\r\n<p>Sườn heo:&nbsp;300g</p>\r\n\r\n<p>Da heo:&nbsp;100g</p>\r\n\r\n<p>Củ cải trắng:&nbsp;1/2 củ</p>\r\n\r\n<p>C&agrave; rốt:&nbsp;1 củ&nbsp;</p>\r\n\r\n<p>C&agrave; chua:&nbsp;1 tr&aacute;i&nbsp;</p>\r\n\r\n<p>Ớt:&nbsp;1 tr&aacute;i</p>\r\n\r\n<p>Tỏi:&nbsp;4 t&eacute;p&nbsp;</p>\r\n\r\n<p>H&agrave;nh t&iacute;m:&nbsp;3 củ&nbsp;</p>\r\n\r\n<p>H&agrave;nh l&aacute;:&nbsp;4 c&acirc;y&nbsp;</p>\r\n\r\n<p>Nước dừa:&nbsp;1 ch&eacute;n</p>\r\n\r\n<p>Nước mắm:&nbsp;6 muỗng canh</p>\r\n\r\n<p>Giấm ăn:&nbsp;100ml</p>\r\n\r\n<p>Dầu ăn:&nbsp;6 muỗng canh</p>\r\n\r\n<p>Gia vị th&ocirc;ng dụng:&nbsp;1 &iacute;t<em>(đường/ muối/ hạt n&ecirc;m/ bột ngọt/ ti&ecirc;u)</em>&nbsp;</p>\r\n\r\n<p>Dưa leo:&nbsp;1 quả</p>\r\n', '<h3><strong>Bước 1: Nấu cơm</strong></h3>\r\n\r\n<ul>\r\n	<li>Bạn cho gạo tấm v&agrave;o nồi v&agrave; vo gạo cho sạch rồi cho nước v&agrave;o nồi cao cỡ 1 đốt ng&oacute;n tay.</li>\r\n	<li>Tiếp theo, bạn cho v&agrave;o nồi cơm điện v&agrave; ấn n&uacute;t nấu cơm.</li>\r\n</ul>\r\n\r\n<h3><strong>Bước 2: Sơ chế c&aacute;c nguy&ecirc;n liệu v&agrave; l&agrave;m đồ chua</strong></h3>\r\n\r\n<ul>\r\n	<li>Củ cải trắng, c&agrave; rốt gọt vỏ v&agrave; rửa sạch. Dưa leo v&agrave; h&agrave;nh l&aacute; rửa sạch rồi để r&aacute;o.</li>\r\n	<li>C&agrave; chua, ớt bạn rửa sạch rồi bỏ cuống. H&agrave;nh t&iacute;m, tỏi rửa sạch v&agrave; b&oacute;c vỏ.</li>\r\n	<li>Tiến h&agrave;nh cắt l&aacute;t x&eacute;o dưa leo v&agrave; cắt khoanh tr&ograve;n c&agrave; chua. H&agrave;nh l&aacute; bạn chỉ sử dụng phần l&aacute; v&agrave; cắt nhỏ. Ớt, h&agrave;nh t&iacute;m v&agrave; tỏi bạn cắt nhuyễn hết tất cả mỗi loại.</li>\r\n	<li>Tiếp theo, b&agrave;o sợi củ cải trắng v&agrave; c&agrave; rốt.</li>\r\n	<li>Sau đ&oacute; bạn cho v&agrave;o 1 c&aacute;i ch&eacute;n sạch 1/2 ch&eacute;n giấm ăn, 3 muỗng đường, 1/4 muỗng canh muối rồi khuấy đều.</li>\r\n	<li>Th&ecirc;m c&agrave; rốt v&agrave; củ cải trắng b&agrave;o sợi v&agrave;o hỗn hợp giấm đường rồi trộn đều v&agrave; ng&acirc;m trong khoảng 1 tiếng.</li>\r\n</ul>\r\n\r\n<h3><strong>Bước 3: Sơ chế v&agrave; ướp sườn</strong></h3>\r\n\r\n<ul>\r\n	<li>Thịt sườn mua về bạn sơ chế thật sạch rồi d&ugrave;ng ch&agrave;y hoặc b&uacute;a đập thịt đập cho miếng sườn mỏng ra.</li>\r\n	<li>Bạn cho sườn v&agrave;o t&ocirc; v&agrave; th&ecirc;m 1/2 muỗng canh hạt n&ecirc;m, 1/2 muỗng canh bột ngọt, 1 &iacute;t ti&ecirc;u xay, 1/2 muỗng canh nước mắm, 1.5 củ h&agrave;nh t&iacute;m băm nhuyễn, 2 t&eacute;p tỏi băm, 1/2 tr&aacute;i ớt băm rồi trộn đều v&agrave; ướp trong v&ograve;ng 1 tiếng để thịt thấm đều gia vị.</li>\r\n</ul>\r\n\r\n<h3><strong>Bước 4: Pha nước mắm v&agrave; l&agrave;m mỡ h&agrave;nh</strong></h3>\r\n\r\n<ul>\r\n	<li>Bạn chuẩn bị 1/2 ch&eacute;n nước s&ocirc;i để nguội (ch&eacute;n ăn cơm) v&agrave; th&ecirc;m v&agrave;o ch&eacute;n nước 2 muỗng canh đường, 2 muỗng canh nước mắm rồi khuấy đều cho phần đường tan ra.</li>\r\n	<li>Cuối c&ugrave;ng l&agrave; cho hết số tỏi, ớt, h&agrave;nh đ&atilde; băm nhỏ v&agrave;o rồi khuấy đều v&agrave; n&ecirc;m nếm lại sao cho vừa khẩu vị.</li>\r\n	<li>Bạn cho v&agrave;o chảo 4 muỗng canh dầu ăn rồi đun s&ocirc;i v&agrave; tắt bếp.</li>\r\n	<li>Phần h&agrave;nh l&aacute; đ&atilde; cắt nhỏ bạn cho v&agrave;o t&ocirc; c&ugrave;ng 1 &iacute;t muối, 1 &iacute;t đường v&agrave; nhanh tay cho dầu vừa đun s&ocirc;i v&agrave;o rồi trộn đều.</li>\r\n</ul>\r\n\r\n<h3><strong>Bước 5: Sơ chế v&agrave; luộc da heo</strong></h3>\r\n\r\n<ul>\r\n	<li>Da heo mua về bạn rửa thật sạch v&agrave; d&ugrave;ng muối ch&agrave; x&aacute;t v&agrave;o miếng da để loại bỏ đi chất dơ trong da heo.</li>\r\n	<li>Tiếp theo, bạn rửa lại da heo với nước sạch.</li>\r\n	<li>Bạn cho da heo đ&atilde; rửa v&agrave;o rồi cho v&agrave;o nồi c&ugrave;ng 1/4 muỗng canh muối c&ograve;n lại, đổ nước v&agrave;o khoảng 1/2 nồi v&agrave; mang đi luộc ở lửa vừa đến khi da heo ch&iacute;n v&agrave; cuộn tr&ograve;n lại khoảng 20 - 30 ph&uacute;t.</li>\r\n	<li>Da heo đ&atilde; ch&iacute;n, bạn vớt ra t&ocirc; nước đ&aacute; v&agrave; ng&acirc;m trong khoảng 5 ph&uacute;t rồi vớt ra.</li>\r\n	<li>Sau đ&oacute;, cắt sợi thật mỏng hết to&agrave;n bộ phần da heo.</li>\r\n</ul>\r\n\r\n<h3><strong>Bước 6: L&agrave;m b&igrave;</strong></h3>\r\n\r\n<ul>\r\n	<li>Cho v&agrave;o chảo phần gạo trắng v&agrave; rang ở lửa nhỏ đến khi gạo chuyển qua m&agrave;u v&agrave;ng n&acirc;u rồi tắt bếp v&agrave; để nguội.</li>\r\n	<li>Sau đ&oacute;, bạn cho gạo rang v&agrave;o m&aacute;y xay sinh tố v&agrave; xay thật nhuyễn mịn.</li>\r\n	<li>Kế đến, cho phần gạo xay vừa rồi v&agrave;o trộn chung với da heo đ&atilde; cắt sợi v&agrave; trộn đều.</li>\r\n</ul>\r\n\r\n<h3><strong>Bước 7: Rim sườn</strong></h3>\r\n\r\n<ul>\r\n	<li>Cho v&agrave;o chảo 2 muỗng canh dầu ăn v&agrave; đun s&ocirc;i dầu ở lửa vừa.</li>\r\n	<li>Khi dầu n&oacute;ng, bạn cho phần sườn đ&atilde; ướp v&agrave;o v&agrave; đảo sơ cho thịt sườn săn lại khoảng 3 ph&uacute;t.</li>\r\n	<li>Sau đ&oacute;, th&ecirc;m 1 ch&eacute;n nước dừa v&agrave;o chảo sườn v&agrave; ram ở lửa vừa đến khi cạn bớt nước khoảng 20 ph&uacute;t.</li>\r\n	<li>Khi nước dừa đ&atilde; cạn bớt, bạn cho lượng nước mắm v&agrave; đường c&ograve;n lại v&agrave;o v&agrave; ram ở lửa nhỏ rồi n&ecirc;m nếm lại cho vừa khẩu vị.</li>\r\n	<li>Tiếp tục ram sườn đến khi phần nước cạn ho&agrave;n to&agrave;n, thịt c&oacute; m&agrave;u v&agrave;ng n&acirc;u đẹp mắt v&agrave; dậy m&ugrave;i khoảng 5 - 8 ph&uacute;t nữa th&igrave; tắt bếp.</li>\r\n</ul>\r\n\r\n<h3><strong>Bước 8: Th&agrave;nh phẩm</strong></h3>\r\n\r\n<ul>\r\n	<li>Vậy l&agrave; m&oacute;n cơm tấm sườn rim đ&atilde; ho&agrave;n th&agrave;nh rồi. Cho ngay cơm tấm ra đĩa, th&ecirc;m dưa leo, c&agrave; chua v&agrave; 1 &iacute;t mỡ h&agrave;nh l&ecirc;n tr&ecirc;n. Cuối c&ugrave;ng l&agrave; cho thịt sườn ra đĩa c&ugrave;ng 1 ch&eacute;n nước mắm ớt, 1 ch&eacute;n đồ chua v&agrave; thưởng thức th&ocirc;i n&agrave;o!</li>\r\n	<li>Cơm tấm thơm, hạt cơm ngọt, xốp ăn c&ugrave;ng thịt sườn mềm, ẩm được n&ecirc;m nếm gia vị vừa phải, đậm đ&agrave; kết hợp với mỡ h&agrave;nh b&eacute;o ngậy, nước mắm chua chua ngọt ngọt, cay cay v&agrave; đồ chua gi&ograve;n gi&ograve;n, hấp dẫn v&ocirc; c&ugrave;ng!</li>\r\n</ul>\r\n', 3, 9, '2022-05-02 14:38:29'),
(54, 'Gà chiên mắm', 'gachien.png', '<ul>\r\n	<li>500g&nbsp;thịt g&agrave;</li>\r\n	<li>2&nbsp;th&igrave;a canh&nbsp;rượu trắng</li>\r\n	<li>1&nbsp;nắm&nbsp;muối hạt</li>\r\n	<li>1/2&nbsp;quả&nbsp;chanh</li>\r\n	<li>50g&nbsp;bột chi&ecirc;n gi&ograve;n</li>\r\n	<li>30g&nbsp;h&agrave;nh t&iacute;m</li>\r\n	<li>15g&nbsp;tỏi</li>\r\n	<li>15g&nbsp;sả</li>\r\n	<li>5g&nbsp;gừng</li>\r\n	<li>1&nbsp;quả&nbsp;ớt</li>\r\n	<li>Dầu ăn</li>\r\n	<li>20ml&nbsp;nước mắm</li>\r\n	<li>40ml&nbsp;nước lọc</li>\r\n	<li>1 th&igrave;a c&agrave; ph&ecirc;&nbsp;hạt n&ecirc;m</li>\r\n	<li>1/2 th&igrave;a c&agrave; ph&ecirc;&nbsp;ti&ecirc;u</li>\r\n	<li>2 th&igrave;a canh&nbsp;đường n&acirc;u</li>\r\n	<li>1/2&nbsp;th&igrave;a canh&nbsp;tương ớt</li>\r\n</ul>\r\n', '<h3><strong>Bước 1: Sơ chế nguy&ecirc;n liệu</strong></h3>\r\n\r\n<ul>\r\n	<li>\r\n	<p>Chặt g&agrave; th&agrave;nh miếng nhỏ vừa ăn, b&oacute;p qua với rượu, gừng v&agrave; muối hạt để khử m&ugrave;i tanh.</p>\r\n	</li>\r\n	<li>\r\n	<p>Rửa g&agrave; lại cho sạch với nước pha một ch&uacute;t nước cốt chanh rồi d&ugrave;ng nĩa hoặc mũi dao nhọn x&oacute;c v&agrave;o thịt g&agrave; để gia vị dễ ngấm.</p>\r\n	</li>\r\n	<li>\r\n	<p>Ớt, tỏi, gừng, sả v&agrave; h&agrave;nh t&iacute;m b&oacute;c vỏ, rửa sạch v&agrave; băm nhỏ.</p>\r\n	</li>\r\n	<li>\r\n	<p>Ướp g&agrave; với hạt n&ecirc;m, ti&ecirc;u v&agrave; 1/3 phần h&agrave;nh, tỏi, ớt, gừng, sả đ&atilde; băm. Ướp khoảng 15-20 ph&uacute;t.</p>\r\n	</li>\r\n</ul>\r\n\r\n<h3><strong>Bước 2: Chi&ecirc;n thịt g&agrave;</strong></h3>\r\n\r\n<ul>\r\n	<li>\r\n	<p>Cho g&agrave; v&agrave;o l&ograve; vi s&oacute;ng quay n&oacute;ng 2 lần, mỗi lần 2 ph&uacute;t để g&agrave; ch&iacute;n sơ.</p>\r\n	</li>\r\n	<li>\r\n	<p>&Aacute;o g&agrave; qua với bột chi&ecirc;n gi&ograve;n rồi mang đi chi&ecirc;n v&agrave;ng bề mặt.</p>\r\n	</li>\r\n	<li>\r\n	<p>Vớt g&agrave; ra để r&aacute;o dầu.</p>\r\n	</li>\r\n</ul>\r\n\r\n<h3><strong>Bước 3: Pha sốt mắm</strong></h3>\r\n\r\n<ul>\r\n	<li>\r\n	<p>Cho phần h&agrave;nh, tỏi, ớt, gừng v&agrave; sả băm lần lượt v&agrave;o chảo, phi thơm v&agrave;ng với 2 th&igrave;a canh dầu chi&ecirc;n g&agrave;.</p>\r\n	</li>\r\n	<li>\r\n	<p>Th&ecirc;m mắm, đường, tương ớt v&agrave; nước v&agrave;o đun đến khi s&ocirc;i th&igrave; tắt bếp rồi cho mật ong v&agrave;o khuấy đều.</p>\r\n	</li>\r\n</ul>\r\n\r\n<h3><strong>Bước 4: Ho&agrave;n th&agrave;nh</strong></h3>\r\n\r\n<ul>\r\n	<li>\r\n	<p>Cho g&agrave; v&agrave;o đảo x&oacute;c với sốt mắm cho thấm đều v&agrave; b&agrave;y ra thưởng thức.</p>\r\n	</li>\r\n</ul>\r\n', 2, 9, '2022-05-02 15:38:30'),
(57, 'Thịt kho tàu', 'T1.jpg', '<p>Thịt ba chỉ hay thịt ch&acirc;n gi&ograve;:&nbsp;500 gr&nbsp;</p>\r\n\r\n<p>Trứng vịt luộc:&nbsp;5 quả&nbsp;</p>\r\n\r\n<p>Nước dừa:&nbsp;400 ml&nbsp;</p>\r\n\r\n<p>H&agrave;nh băm:&nbsp;1 muỗng canh&nbsp;</p>\r\n\r\n<p>Tỏi băm:&nbsp;1 muỗng canh&nbsp;</p>\r\n\r\n<p>Nước mắm:&nbsp;3 muỗng canh&nbsp;</p>\r\n\r\n<p>Gia vị th&ocirc;ng dụng:&nbsp;1 &iacute;t<em>(Đường/ hạt n&ecirc;m/ ti&ecirc;u xay)</em></p>\r\n', '<h3><strong>Bước 1: Ướp thịt</strong></h3>\r\n\r\n<ul>\r\n	<li>Thịt ba chỉ hay thịt ch&acirc;n gi&ograve; sau khi mua về th&igrave; rửa sạch với nước muối, để r&aacute;o sau đ&oacute; cắt miếng vừa ăn rồi cho v&agrave;o t&ocirc;, n&ecirc;n chọn thịt c&oacute; da mỏng để kho được ngon, mau mềm hơn v&agrave; kh&ocirc;ng bị ngấy.</li>\r\n	<li>Lần lượt n&ecirc;m v&agrave;o&nbsp;t&ocirc;&nbsp;1&nbsp;muỗng&nbsp;canh h&agrave;nh băm, 1 muỗng canh tỏi băm, 3 muỗng canh nước mắm, 2 muỗng canh đường, 1/3 muỗng canh hạt n&ecirc;m v&agrave; 1 muỗng c&agrave; ph&ecirc; ti&ecirc;u, trộn đều.</li>\r\n	<li>D&ugrave;ng&nbsp;m&agrave;ng bọc thực phẩm&nbsp;bọc t&ocirc; thịt lại, ướp &iacute;t nhất trong 1 tiếng cho thịt thấm gia vị.</li>\r\n</ul>\r\n\r\n<h3><strong>Bước 2: Thắng nước m&agrave;u</strong></h3>\r\n\r\n<ul>\r\n	<li>Bắc&nbsp;nồi&nbsp;l&ecirc;n&nbsp;bếp, cho v&agrave;o nồi 1 muỗng c&agrave; ph&ecirc; đường đun với lửa vừa, c&ugrave;ng l&uacute;c đ&oacute; d&ugrave;ng&nbsp;đũa&nbsp;khuấy đều đến khi nước đường trở m&agrave;u n&acirc;u c&aacute;nh gi&aacute;n th&igrave; tắt bếp.</li>\r\n	<li>Chờ đường nguội th&igrave; m&agrave;u sẽ đậm hơn, đổ th&ecirc;m 1/2 ch&eacute;n (ch&eacute;n ăn cơm) nước lọc cho lo&atilde;ng bớt.</li>\r\n</ul>\r\n\r\n<h3><strong>Bước 3: Kho thịt</strong></h3>\r\n\r\n<ul>\r\n	<li>Bạn gắp thịt đ&atilde; ướp cho v&agrave;o nồi nước m&agrave;u vừa thắng, đảo với lửa lớn cho đến khi thịt săn lại th&igrave; đổ 400ml nước dừa v&agrave;o.</li>\r\n	<li>Đậy nắp nồi lại rồi kho thịt với lửa nhỏ trong v&ograve;ng 30 ph&uacute;t. Sau 30 ph&uacute;t, nếu thấy nước cạn qu&aacute; th&igrave; cho th&ecirc;m nước, cho 5 quả trứng vịt luộc đ&atilde; b&oacute;c vỏ v&agrave;o nồi, đậy nắp v&agrave; đun tiếp trong 30 ph&uacute;t cho thịt ch&iacute;n mềm rồi tắt bếp.</li>\r\n</ul>\r\n\r\n<h3><strong>Bước 4: Th&agrave;nh phẩm</strong></h3>\r\n\r\n<ul>\r\n	<li>Vậy l&agrave; m&oacute;n thịt kho T&agrave;u thơm ngon đ&atilde; ho&agrave;n th&agrave;nh v&agrave; c&oacute; thể d&ugrave;ng n&oacute;ng được rồi. M&oacute;n ăn c&oacute; m&agrave;u n&acirc;u c&aacute;nh gi&aacute;n rất bắt mắt, hương vị đậm đ&agrave; cực hấp dẫn.</li>\r\n	<li>Thịt heo được kho mềm c&oacute; vị b&eacute;o nhẹ kết hợp với trứng vịt b&ugrave;i b&ugrave;i cực đưa cơm đấy nh&eacute;!</li>\r\n</ul>\r\n', 2, 12, '2022-05-04 07:10:47'),
(58, 'Phở bò (nấu với gói gia vị phở)', '2.jpg', '<p>Phở&nbsp;1 g&oacute;i&nbsp;</p>\r\n\r\n<p>Thịt b&ograve;&nbsp;500 gr&nbsp;</p>\r\n\r\n<p>Xương heo&nbsp;100 gr&nbsp;</p>\r\n\r\n<p>Gia vị nấu phở b&ograve;&nbsp;1 g&oacute;i&nbsp;</p>\r\n\r\n<p>H&agrave;nh t&acirc;y&nbsp;1 củ</p>\r\n\r\n<p>H&agrave;nh t&iacute;m&nbsp;4 củ&nbsp;</p>\r\n\r\n<p>Gừng&nbsp;1 củ&nbsp;</p>\r\n\r\n<p>Đường ph&egrave;n&nbsp;2 muỗng canh</p>\r\n\r\n<p>Rau ăn phở&nbsp;1 &iacute;t&nbsp;</p>\r\n\r\n<p>Gia vị th&ocirc;ng dụng .&nbsp;1 &iacute;t<em>(hạt n&ecirc;m/ đường/ bột ngọt/ muối)</em></p>\r\n', '<h3><strong>Bước 1: Sơ chế v&agrave; chần thịt</strong></h3>\r\n\r\n<ul>\r\n	<li>Bạn bắc l&ecirc;n&nbsp;bếp&nbsp;1&nbsp;nồi&nbsp;nước v&agrave; cho v&agrave;o nồi h&agrave;nh t&iacute;m đ&atilde; đập dập rồi nấu tr&ecirc;n bếp ở nhiệt độ cao.</li>\r\n	<li>Khi nước s&ocirc;i, bạn cho thịt b&ograve; v&agrave; xương heo đ&atilde; sơ chế v&agrave;o v&agrave; chần khoảng 3 ph&uacute;t để loại bỏ m&ugrave;i h&ocirc;i. Sau đ&oacute;, bạn vớt thịt ra v&agrave; cho ngay v&agrave;o&nbsp;<a href=\"https://www.dienmayxanh.com/chen-bat-to-canh\" target=\"_blank\">t&ocirc;</a>&nbsp;nước lạnh.</li>\r\n</ul>\r\n\r\n<h3><strong>Bước 2: Sơ chế c&aacute;c nguy&ecirc;n liệu kh&aacute;c</strong></h3>\r\n\r\n<ul>\r\n	<li>H&agrave;nh t&iacute;m mua về bạn lột vỏ 3 củ, sau đ&oacute; rửa sạch v&agrave; đập dập, 2 củ c&ograve;n lại th&igrave; rửa sạch v&agrave; để r&aacute;o.</li>\r\n	<li>H&agrave;nh t&acirc;y cắt bỏ rễ, v&agrave; rửa sạch. Bạn rửa sạch gừng v&agrave; để r&aacute;o.</li>\r\n	<li>Nướng h&agrave;nh t&acirc;y, 2 củ h&agrave;nh t&iacute;m v&agrave; gừng tr&ecirc;n bếp khoảng 2 ph&uacute;t đến khi dậy m&ugrave;i thơm.</li>\r\n	<li>Bạn cho phần gia vị nấu phở b&ograve; v&agrave;o chảo v&agrave; rang tr&ecirc;n bếp ở nhiệt độ trung b&igrave;nh nhỏ trong 4 ph&uacute;t đến khi dậy m&ugrave;i thơm. Cho c&aacute;c gia vị vừa rang v&agrave;o t&uacute;i lọc c&oacute; sẵn v&agrave; cột chặt miệng t&uacute;i lại.</li>\r\n</ul>\r\n\r\n<h3><strong>Bước 3: Nấu nước d&ugrave;ng</strong></h3>\r\n\r\n<ul>\r\n	<li>Bạn cho v&agrave;o nồi 1.5 l&iacute;t nước c&ugrave;ng thịt b&ograve; v&agrave; xương heo đ&atilde; chần rồi đậy nắp lại, hầm trong 1 tiếng. Trong l&uacute;c hầm nước d&ugrave;ng, bạn thường xuy&ecirc;n mở nắp nồi v&agrave; hớt sạch bọt để nước d&ugrave;ng được trong hơn nh&eacute;!</li>\r\n	<li>Khi nước s&ocirc;i, bạn cho h&agrave;nh t&acirc;y, h&agrave;nh t&iacute;m, gừng đ&atilde; nướng thơm v&agrave; t&uacute;i gia vị nấu phở đ&atilde; rang v&agrave;o nồi.</li>\r\n	<li>Tiếp theo, bạn th&ecirc;m v&agrave;o nồi 2&nbsp;muỗng&nbsp;canh đường ph&egrave;n, 2 muỗng c&agrave; ph&ecirc; muối, 1.5 muỗng c&agrave; ph&ecirc; bột ngọt, 1.5 muỗng c&agrave; ph&ecirc; hạt n&ecirc;m rồi khuấy đều, n&ecirc;m nếm lại gia vị cho vừa ăn v&agrave; nắp lại 3 ph&uacute;t rồi tắt bếp l&agrave; ho&agrave;n th&agrave;nh.</li>\r\n</ul>\r\n\r\n<p><strong>Bước 4: Ho&agrave;n th&agrave;nh</strong></p>\r\n\r\n<ul>\r\n	<li>Bạn vớt thịt b&ograve; trong nồi nước d&ugrave;ng ra v&agrave; cắt th&agrave;nh những l&aacute;t vừa ăn.</li>\r\n	<li>Sau đ&oacute;, cho b&aacute;nh phở ra t&ocirc;, xếp thịt b&ograve; l&ecirc;n tr&ecirc;n rồi chan nước d&ugrave;ng v&agrave; th&ecirc;m &iacute;t ớt cắt l&aacute;t, rau ăn phở như ng&ograve; gai, h&agrave;nh l&aacute;,...</li>\r\n</ul>\r\n\r\n<h3><strong>Bước 5: Th&agrave;nh phẩm</strong></h3>\r\n\r\n<ul>\r\n	<li>Vậy l&agrave; t&ocirc; phở b&ograve; nấu từ g&oacute;i gia vị phở chỉ với v&agrave;i bước cơ bản đ&atilde; ho&agrave;n th&agrave;nh rồi.</li>\r\n	<li>Nước d&ugrave;ng th&igrave; đậm đ&agrave;, ngọt thanh từ xương, h&agrave;nh t&iacute;m, h&agrave;nh t&acirc;y xen lẫn m&ugrave;i gừng thơm phức kết hợp với thịt b&ograve; mềm, b&eacute;o ngậy c&ugrave;ng b&aacute;nh phở mềm, dai. Tất cả tạo n&ecirc;n t&ocirc; phở b&ograve; hấp dẫn, thơm ngon kh&oacute; l&ograve;ng m&agrave; chối từ.</li>\r\n</ul>\r\n', 1, 15, '2022-05-04 12:39:46'),
(59, 'Bún chả Hà Nội', 'b.jpg', '<p>B&uacute;n tươi&nbsp;1 kg&nbsp;</p>\r\n\r\n<p>Thịt ba chỉ&nbsp;700 gr&nbsp;</p>\r\n\r\n<p>Thịt heo xay nhuyễn&nbsp;500 gr</p>\r\n\r\n<p>Đủ đủ xanh&nbsp;1/2 tr&aacute;i</p>\r\n\r\n<p>C&agrave; rốt&nbsp;1 củ&nbsp;</p>\r\n\r\n<p>H&agrave;nh t&iacute;m băm&nbsp;1 muỗng canh</p>\r\n\r\n<p>Tỏi băm&nbsp;1.5 muỗng canh</p>\r\n\r\n<p>Dầu h&agrave;o&nbsp;2 muỗng canh</p>\r\n\r\n<p>Mật ong&nbsp;3 muỗng canh&nbsp;</p>\r\n\r\n<p>Nước m&agrave;u&nbsp;2 muỗng canh</p>\r\n\r\n<p>Ớt băm&nbsp;1 &iacute;t&nbsp;</p>\r\n\r\n<p>Rau sống c&aacute;c loại&nbsp;500 gr<em>(x&agrave; l&aacute;ch/t&iacute;a t&ocirc;/hung quế/hung lủi/diếp c&aacute;)</em></p>\r\n\r\n<p>Gia vị th&ocirc;ng dụng&nbsp;1 &iacute;t<em>(muối/ti&ecirc;u/hạt n&ecirc;m/bột ngọt)</em></p>\r\n\r\n<p>Dầu ăn&nbsp;1 &iacute;t&nbsp;</p>\r\n\r\n<p>Đường&nbsp;1 ch&eacute;n<em>(khoảng 220gr)</em></p>\r\n\r\n<p>Giấm&nbsp;1/2 ch&eacute;n<em>(khoảng 100ml)</em>&nbsp;</p>\r\n\r\n<p>Nước mắm&nbsp;1 ch&eacute;n<em>(khoảng 220ml)</em></p>\r\n', '<h3><strong>Bước 1: Sơ chế v&agrave; ướp thịt</strong></h3>\r\n\r\n<ul>\r\n	<li>Đối với thịt ba chỉ, để loại sạch bụi bẩn v&agrave; m&ugrave;i h&ocirc;i c&aacute;c bạn mang đi ch&agrave; sạch với muối, sau đ&oacute; rửa lại với nước lạnh v&agrave; để r&aacute;o. D&ugrave;ng dao cắt thịt th&agrave;nh c&aacute;c miếng mỏng vừa ăn.</li>\r\n	<li>Ướp thịt với 1/2 muỗng canh h&agrave;nh t&iacute;m băm, 1/2 muỗng canh tỏi băm, 1/2 muỗng canh hạt n&ecirc;m, 1/2 muỗng canh bột ngọt, 1/2 muỗng canh ti&ecirc;u xay, 2 muỗng canh nước mắm, 1 muỗng canh dầu h&agrave;o, 2 muỗng canh mật ong, 1 muỗng canh nước m&agrave;u, sau đ&oacute; trộn đều v&agrave; để cho thịt thấm gia vị &iacute;t nhất khoảng 30 ph&uacute;t.</li>\r\n	<li>Về phần thịt xay, c&aacute;c bạn cho 1/2 muỗng canh h&agrave;nh t&iacute;m băm v&agrave; 1/2 muỗng canh tỏi băm, 1/2 muỗng canh hạt n&ecirc;m, 1/2 muỗng canh bột ngọt, 1/2 muỗng canh ti&ecirc;u xay, 1.5 muỗng canh nước mắm, 1 muỗng canh dầu h&agrave;o, 1 muỗng canh mật ong, 1 muỗng canh nước m&agrave;u. D&ugrave;ng tay trộn đều v&agrave; ướp thịt khoảng 30 ph&uacute;t cho thấm gia vị.</li>\r\n	<li>Sau khoảng 30 ph&uacute;t, d&ugrave;ng tay lấy một lượng thịt xay vừa đủ rồi vo vi&ecirc;n.</li>\r\n</ul>\r\n\r\n<h3><strong>Bước 2: Sơ chế c&aacute;c nguy&ecirc;n liệu kh&aacute;c</strong></h3>\r\n\r\n<ul>\r\n	<li>Để loại sạch nhựa v&agrave; bụi bẩn, c&agrave; rốt, đu đủ khi mua về c&aacute;c bạn gọt vỏ, sau đ&oacute; mang ng&acirc;m với nước muối pha lo&atilde;ng khoảng 5 - 10 ph&uacute;t sau đ&oacute; xả sạch lại với nước rồi để r&aacute;o.</li>\r\n	<li>Tiến h&agrave;nh tỉa hoa cho c&agrave; rốt, sau đ&oacute; cắt c&agrave; rốt v&agrave; đu đủ l&aacute;t mỏng rồi cho v&agrave;o t&ocirc;. Cho tiếp 1/3 muỗng canh muối v&agrave;o t&ocirc; rồi trộn đều, ướp khoảng 15 ph&uacute;t sau đ&oacute; rửa sạch c&agrave; rốt v&agrave; đu đủ lại với nước.</li>\r\n	<li>Th&ecirc;m tiếp 1.5 muỗng canh đường, 1/4 muỗng canh muối, 1 muỗng canh giấm, 1/2 muỗng canh tỏi băm v&agrave;o rồi trộn đều v&agrave; ướp th&ecirc;m 15 ph&uacute;t nữa.</li>\r\n</ul>\r\n\r\n<h3><strong>Bước 3: Nướng thịt</strong></h3>\r\n\r\n<ul>\r\n	<li>D&ugrave;ng cọ phết một lớp mỏng dầu ăn l&ecirc;n bếp nướng điện, xếp thịt ba chỉ v&agrave; thịt vi&ecirc;n l&ecirc;n tr&ecirc;n. Tiến h&agrave;nh nướng thịt đến khi ch&iacute;n v&agrave;ng đều 2 mặt th&igrave; gấp ra t&ocirc;.</li>\r\n</ul>\r\n\r\n<h3><strong>Bước 4: Nấu nước mắm</strong></h3>\r\n\r\n<ul>\r\n	<li>Bắc nồi l&ecirc;n bếp, cho v&agrave;o non 1 ch&eacute;n nước mắm (khoảng 200ml), non 1 ch&eacute;n đường (khoảng 200gr), 1/2 ch&eacute;n giấm (khoảng 100ml) v&agrave; 2 ch&eacute;n nước lọc v&agrave;o v&agrave; tiến h&agrave;nh nấu ở lửa lớn cho c&aacute;c gia vị tan ho&agrave;n to&agrave;n v&agrave; nước mắm bắt đầu s&ocirc;i th&igrave; tắt bếp. N&ecirc;m nếm lại gia vị sao cho vừa miệng của gia đ&igrave;nh m&igrave;nh nh&eacute;!</li>\r\n</ul>\r\n\r\n<h3><strong>Bước 5: Th&agrave;nh phẩm</strong></h3>\r\n\r\n<ul>\r\n	<li>Xếp thịt nướng, b&uacute;n v&agrave; rau sống ra dĩa. Cho c&agrave; rốt, đu đủ ng&acirc;m chua v&agrave; 1 &iacute;t ớt băm ra b&aacute;t sau đ&oacute; cho nước mắm đường vừa nấu v&agrave;o rồi khuấy đều l&agrave; ho&agrave;n th&agrave;nh.</li>\r\n	<li>Chỉ với v&agrave;i bước đơn giản ch&uacute;ng ta đ&atilde; m&oacute;n b&uacute;n chả H&agrave; Nội thơm lừng, hấp dẫn chẳng thua k&eacute;m ngo&agrave;i h&agrave;ng. Khi ăn c&aacute;c bạn gấp 1 &iacute;t thịt nướng, b&uacute;n v&agrave; rau thơm v&agrave;o b&aacute;t nước mắm rồi thưởng thức. Thịt c&oacute; vị đậm đ&agrave;, thơm hương của sả v&agrave; h&agrave;nh, ăn c&ugrave;ng với nước mắm chua ngọt, rau thơm v&agrave; đồ chua gi&uacute;p c&acirc;n bằng vị gi&aacute;c, khiến bạn cứ muốn ăn m&atilde;i kh&ocirc;ng ngừng. Nhanh tay v&agrave;o bếp v&agrave; l&agrave;m thử ngay m&oacute;n n&agrave;y nh&eacute;!</li>\r\n</ul>\r\n', 1, 15, '2022-05-04 12:43:31'),
(60, 'Bún cá rô đồng', 'buncaro.jpg', '<ul>\r\n	<li>C&aacute; r&ocirc;&nbsp;<small>600 gram</small>&nbsp;</li>\r\n	<li>Xương heo&nbsp;<small>200 gram</small>&nbsp;</li>\r\n	<li>Muối&nbsp;<small>1/2 muỗng c&agrave; ph&ecirc;</small>&nbsp;</li>\r\n	<li>Ti&ecirc;u xay&nbsp;<small>1/2 muỗng</small>&nbsp;</li>\r\n	<li>Bột chi&ecirc;n gi&ograve;n&nbsp;<small>20 gram</small>&nbsp;</li>\r\n	<li>H&agrave;nh l&aacute;&nbsp;<small>5 gram</small>&nbsp;</li>\r\n	<li>Th&igrave; l&agrave;&nbsp;<small>5 gram</small>&nbsp;</li>\r\n	<li>Rau cần nước&nbsp;<small>50 gram</small></li>\r\n	<li>Bạc h&agrave;&nbsp;<small>50 gram</small>&nbsp;</li>\r\n	<li>Gừng&nbsp;<small>10 gram</small>&nbsp;</li>\r\n	<li>B&uacute;n tươi&nbsp;<small>200 gram</small>&nbsp;</li>\r\n	<li>Nước&nbsp;<small>2 l&iacute;t</small>&nbsp;</li>\r\n	<li>H&agrave;nh t&iacute;m&nbsp;<small>5 gram</small>&nbsp;</li>\r\n	<li>H&agrave;nh t&iacute;m băm&nbsp;<small>10 gram</small>&nbsp;</li>\r\n	<li>C&agrave; chua&nbsp;<small>150 gram</small>&nbsp;</li>\r\n	<li>Đường trắng&nbsp;<small>5 gram</small>&nbsp;</li>\r\n	<li>Dầu ăn&nbsp;<small>2 muỗng canh</small>&nbsp;</li>\r\n	<li>Hạt n&ecirc;m&nbsp;<small>5 gram</small>&nbsp;</li>\r\n	<li>Giấm ăn&nbsp;<small>10 ml</small></li>\r\n</ul>\r\n', '<h3><strong>Bước 1: Sơ chế nguy&ecirc;n liệu</strong></h3>\r\n\r\n<p>C&aacute; r&ocirc; mua về bạn đem đ&aacute;nh sạch vảy, cắt mang, bỏ ruột v&agrave; rửa c&aacute; bằng hỗn hợp nước muối pha với giấm, gừng để khử m&ugrave;i tanh, bạn ch&uacute; &yacute; ch&agrave; s&aacute;t đều khắp m&igrave;nh c&aacute; để c&aacute; bớt nhớt.</p>\r\n\r\n<p>Sau đ&oacute; lọc c&aacute; t&aacute;ch ri&ecirc;ng xương v&agrave; thịt v&agrave; chia phần thịt c&aacute; ra l&agrave;m 2 phần.</p>\r\n\r\n<p>Rau cần nước cắt rễ, rửa sạch. Bạc h&agrave; đem lột vỏ, rửa sạch v&agrave; để r&aacute;o.</p>\r\n\r\n<p>&nbsp;</p>\r\n\r\n<p><strong>Bước 2: Ướp v&agrave; chi&ecirc;n c&aacute;</strong></p>\r\n\r\n<p>Bạn lấy phần thứ nhất ướp với 1/2 muỗng c&agrave; ph&ecirc; muối, 1/2 muỗng c&agrave; ph&ecirc; ti&ecirc;u rồi sau đ&oacute; lăn c&aacute; qua bột chi&ecirc;n gi&ograve;n v&agrave; đem chi&ecirc;n v&agrave;ng. Khi c&aacute; r&ocirc; v&agrave;ng, gắp ra giấy thấm dầu để r&aacute;o.</p>\r\n\r\n<p>&nbsp;</p>\r\n\r\n<p><strong>Bước 3: Ướp v&agrave; hấp c&aacute;</strong></p>\r\n\r\n<p>Phần c&aacute; thứ hai bạn đem hấp ch&iacute;n khoảng 20 ph&uacute;t với 5 gram h&agrave;nh, 5 gram gừng v&agrave; 5 gram th&igrave; l&agrave; cho thơm.</p>\r\n\r\n<p>&nbsp;</p>\r\n\r\n<p><strong>Bước 4:&nbsp;Nấu nước d&ugrave;ng</strong></p>\r\n\r\n<p>Bạn cho nồi lớn l&ecirc;n bếp, cho v&agrave;o nồi 2 l&iacute;t nước c&ugrave;ng 200 gram xương heo v&agrave; phần xương c&aacute; r&ocirc; đ&atilde; t&aacute;ch ở tr&ecirc;n, th&ecirc;m 5 gram h&agrave;nh t&iacute;m v&agrave; 5 gram gừng, hầm nhừ c&aacute;c nguy&ecirc;n liệu với lửa vừa trong 40 ph&uacute;t rồi lọc lấy phần nước d&ugrave;ng.</p>\r\n\r\n<p>&nbsp;</p>\r\n\r\n<p><strong>Bước 5: Nấu nước l&egrave;o b&uacute;n c&aacute; r&ocirc; đồng</strong></p>\r\n\r\n<p>Bạn cho nồi lớn l&ecirc;n bếp, cho v&agrave;o 2 muỗng canh dầu ăn v&agrave; 10 gram h&agrave;nh t&iacute;m v&agrave;o phi thơm. Tiếp đến bạn lấy 150 gram c&agrave; chua đem cắt m&uacute;i cau cho v&agrave;o nồi đảo đều cho săn.</p>\r\n\r\n<p>Sau đ&oacute; cho nước hầm xương đ&atilde; lọc v&agrave;o đun với lửa nhỏ liu riu trong 5 - 7 ph&uacute;t v&agrave; n&ecirc;m th&ecirc;m gia vị gồm 3 gram muối, 5 gram hạt n&ecirc;m v&agrave; 5 gram đường cho nước d&ugrave;ng th&ecirc;m đậm đ&agrave; rồi tắt bếp.</p>\r\n\r\n<p>&nbsp;</p>\r\n\r\n<p><strong>Bước 6:&nbsp;Th&agrave;nh phẩm</strong></p>\r\n\r\n<p>Khi nấu xong nước l&egrave;o, bạn lấy rau cần đước v&agrave; bạc h&agrave; đem chần qua nước s&ocirc;i cho dịu đi.</p>\r\n\r\n<p>Sau đ&oacute;, bạn chần b&uacute;n tươi qua nước s&ocirc;i rồi cho ra t&ocirc;, xếp rau l&ecirc;n mặt c&ugrave;ng phần c&aacute; hấp v&agrave; c&aacute; chi&ecirc;n v&agrave;ng, chan nước d&ugrave;ng ngọt thanh l&agrave; ta đ&atilde; c&oacute; t&ocirc; b&uacute;n c&aacute; r&ocirc; ho&agrave;n chỉnh.</p>\r\n\r\n<p>&nbsp;</p>\r\n', 1, 2, '2022-05-04 14:36:48'),
(61, 'Bún cá thu', 'buncathu.jpg', '<p>&nbsp;Đầu c&aacute; thu:&nbsp;<small>1 c&aacute;i</small></p>\r\n\r\n<p>Chả c&aacute;:&nbsp;<small>2 l&aacute;t</small><em>(300 g)</em></p>\r\n\r\n<p>C&agrave; chua:&nbsp;<small>5 tr&aacute;i</small>&nbsp;</p>\r\n\r\n<p>Thơm:&nbsp;<small>200 g</small>&nbsp;</p>\r\n\r\n<p>Sả:&nbsp;<small>3 nh&aacute;nh</small>&nbsp;</p>\r\n\r\n<p>Ớt:&nbsp;<small>2 tr&aacute;i</small>&nbsp;</p>\r\n\r\n<p>H&agrave;nh l&aacute;:&nbsp;<small>50 g</small>&nbsp;</p>\r\n\r\n<p>Rau ăn k&egrave;m:&nbsp;<small>300 g</small><em>(Cải bắp &amp; x&agrave; l&aacute;ch &amp; rau thơm &amp; gi&aacute; đỗ)</em>&nbsp;</p>\r\n\r\n<p>B&uacute;n:&nbsp;<small>1 kg</small></p>\r\n', '<p><strong>Bước 1:Sơ chế nguy&ecirc;n liệu</strong></p>\r\n\r\n<p>Đầu c&aacute; thu mua về bạn đem cắt th&agrave;nh c&aacute;c miếng vừa, rửa sạch. Chả c&aacute; cắt th&agrave;nh c&aacute;c miếng vừa ăn, để ri&ecirc;ng.</p>\r\n\r\n<p>C&agrave; chua bạn đem rửa sạch, cắt m&uacute;i cau. Thơm gọt vỏ, rửa sạch v&agrave; cắt miếng mỏng tầm 1 cm.</p>\r\n\r\n<p>Bắp cải bạn cắt thật mỏng, rửa sạch v&agrave; để r&aacute;o. C&aacute;c loại rau kh&aacute;c bạn nhặt vặt bỏ l&aacute; s&acirc;u, &uacute;a v&agrave; rửa sạch, để r&aacute;o.</p>\r\n\r\n<p>&nbsp;</p>\r\n\r\n<h3><strong>Bước 2:Trụng c&aacute;</strong></h3>\r\n\r\n<p>Bạn cho một nồi lớn l&ecirc;n bếp, cho v&agrave;o đ&oacute; 0.5 l&iacute;t nước v&agrave; một ch&uacute;t muối đun l&ecirc;n, khi nước s&ocirc;i bạn cho c&aacute; v&agrave;o trụng sơ rồi vớt ra t&ocirc;.</p>\r\n\r\n<p>&nbsp;</p>\r\n\r\n<h3><strong>Bước 3: Ướp c&aacute;</strong></h3>\r\n\r\n<p>Bạn ướp c&aacute; với 1 th&igrave;a c&agrave; ph&ecirc; ti&ecirc;u, 2 th&igrave;a c&agrave; ph&ecirc; muối, 1 th&igrave;a c&agrave; ph&ecirc; nước mắm, một ch&uacute;t h&agrave;nh l&aacute; trộn đều v&agrave; để khoảng 5 - 10 ph&uacute;t cho c&aacute; ngấm gia vị.</p>\r\n\r\n<p>&nbsp;</p>\r\n\r\n<h3><strong>Bước 4: Nấu nước d&ugrave;ng</strong></h3>\r\n\r\n<p>Bạn cho nồi lớn l&ecirc;n bếp, cho 2 muỗng dầu ăn v&agrave;o v&agrave; phi tỏi v&agrave;ng, thơm th&igrave; cho sả, thơm v&agrave; c&agrave; chua v&agrave;o đảo đều trong 3 ph&uacute;t. Bạn c&oacute; thể th&ecirc;m 1 th&igrave;a c&agrave; ph&ecirc; hạt n&ecirc;m cho nước d&ugrave;ng đậm đ&agrave; hơn.</p>\r\n\r\n<p>Sau đ&oacute;, bạn cho v&agrave;o nồi 1 l&iacute;t nước v&agrave; đun s&ocirc;i. Khi nước s&ocirc;i th&igrave; cho c&aacute; v&agrave;o đun tiếp trong 5 ph&uacute;t nữa th&igrave; cho chả c&aacute; v&agrave;o nồi, n&ecirc;m nếm lại cho hợp khẩu vị v&agrave; tắt bếp.</p>\r\n\r\n<p>Khi nấu xong nước d&ugrave;ng, bạn chần b&uacute;n tươi qua nước s&ocirc;i rồi cho ra t&ocirc;, xếp rau l&ecirc;n mặt c&ugrave;ng c&aacute; v&agrave; chả c&aacute;, cuối c&ugrave;ng chan nước d&ugrave;ng ngọt thanh l&agrave; bạn c&oacute; thể thưởng thức ngay một t&ocirc; b&uacute;n c&aacute; thu ngon v&agrave; hấp dẫn.</p>\r\n\r\n<p>&nbsp;</p>\r\n\r\n<h3><strong>Bước 5: Th&agrave;nh phẩm</strong></h3>\r\n\r\n<p>M&oacute;n b&uacute;n c&aacute; thu n&oacute;ng hổi với hương vị đậm đ&agrave; từ nước d&ugrave;ng h&ograve;a quyện với m&ugrave;i thơm hấp dẫn v&agrave; thịt c&aacute; thu dai, ngon chắc chắn sẽ l&agrave;m cả gia đ&igrave;nh bạn h&agrave;i l&ograve;ng.</p>\r\n', 2, 5, '2022-05-04 14:52:29'),
(62, 'Cá kho tộ', 'cakhoto.png', '<ul>\r\n	<li>C&aacute; l&oacute;c: khoảng 1 kg (ngo&agrave;i ra bạn c&oacute; thể chọn c&aacute;c loại c&aacute; da trơn như: c&aacute; lăng, c&aacute; tr&ecirc;, c&aacute; nheo&hellip; miễn l&agrave; ch&uacute;ng phải tươi)</li>\r\n	<li>Thịt ba chỉ: 200 gr</li>\r\n	<li>Nước dừa non: 1 tr&aacute;i</li>\r\n	<li>X&igrave; dầu ngọt</li>\r\n	<li>H&agrave;nh kh&ocirc;, tỏi băm, v&agrave;i tr&aacute;i ớt tươi</li>\r\n	<li>Gia vị gồm: nước mắm, muối, đường, hạt ti&ecirc;u, hạt n&ecirc;m</li>\r\n</ul>\r\n', '<h3><strong>Bước 1: Sơ chế v&agrave; ướp c&aacute; kho</strong></h3>\r\n\r\n<p>&ndash; C&aacute; l&oacute;c: sau khi mua về th&igrave; cắt bỏ nội tạng, đ&aacute;nh vảy, bỏ v&acirc;y, l&agrave;m sạch m&agrave;ng trắng đục trong bụng. (Đối với c&aacute;c loại c&aacute; c&oacute; da trơn th&igrave; bạn c&oacute; thể d&ugrave;ng tro bếp hoặc rưới nước s&ocirc;i rồi cạo sạch lớp nhầy b&ecirc;n ngo&agrave;i), ng&acirc;m c&aacute; trong dung dịch nước muối v&agrave; giấm trong 5 ph&uacute;t để khử ho&agrave;n to&agrave;n m&ugrave;i tanh, rửa c&aacute; lại với nước cho thật sạch. Sau đ&oacute;, ướp c&aacute; với một &iacute;t x&igrave; dầu, muối, hạt n&ecirc;m, nước mắm trong khoảng 30 ph&uacute;t.</p>\r\n\r\n<p>&ndash; Thịt ba chỉ: cũng rửa sạch với nước muối, xả sạch rồi th&aacute;i th&agrave;nh những miếng vừa ăn.</p>\r\n\r\n<p>&ndash; Ớt rửa sạch, th&aacute;i l&aacute;t.</p>\r\n\r\n<p>&ndash; Bạn h&ograve;a 120 ml x&igrave; dầu ngọt với 50 ml nước mắm v&agrave; nước dừa non cho hỗn hợp tan đều.</p>\r\n\r\n<h3><strong>Bước 2: Kho c&aacute;</strong></h3>\r\n\r\n<p>&ndash; Bạn bắc tộ l&ecirc;n bếp để lửa cho nồi n&oacute;ng rồi mới cho 1 ch&uacute;t x&iacute;u dầu ăn v&agrave;o đun s&ocirc;i th&igrave; cho tiếp h&agrave;nh tỏi băm v&agrave;o phi cho thơm v&agrave; sau c&ugrave;ng cho ớt v&agrave;o x&agrave;o sơ.</p>\r\n\r\n<p>&ndash; Cho tiếp thị ba chỉ v&agrave;o đảo đều tay cho đến khi thấy thịt hơi ch&iacute;n th&igrave; tắt bếp, bắc nồi xuống.</p>\r\n\r\n<p>&ndash; Bạn xếp c&aacute; v&agrave;o tộ, bạn cứ xếp c&aacute; l&ecirc;n tr&ecirc;n phần thịt ba chỉ, cho cả phần nước ướp c&aacute; v&agrave;o nồi. Cuối c&ugrave;ng bạn cho lu&ocirc;n ch&eacute;n nước hỗn hợp dừa non + x&igrave; dầu + nước mắm v&agrave;o v&agrave; bắc nồi lại l&ecirc;n bếp, để lửa to cho c&aacute; s&ocirc;i.</p>\r\n\r\n<p>&ndash; Khi bạn thấy nồi c&aacute; s&ocirc;i th&igrave; hạ lửa chỉ để liu riu, n&ecirc;m nếm cho vừa miệng v&agrave; tiếp tục đun cho đến khi nước c&aacute; c&ograve;n x&acirc;m xấp l&agrave; được.</p>\r\n\r\n<h3><strong>Bước 3: Tr&igrave;nh b&agrave;y m&oacute;n ăn</strong></h3>\r\n\r\n<p>&ndash; Bạn rắc ch&uacute;t ti&ecirc;u l&ecirc;n nồi c&aacute;, rồi gấp lượng c&aacute; vừa đủ ra d&ugrave;ng, d&ugrave;ng tới đ&acirc;u th&igrave; lấy đũa sạch gấp ra tới đ&oacute;. Dĩa c&aacute; trang tr&iacute; th&ecirc;m ch&uacute;t h&agrave;nh, ng&ograve; l&agrave; đẹp mắt.</p>\r\n', 3, 10, '2022-05-04 15:23:40'),
(63, 'Bánh xèo Nam Bộ', 'banhxeo.png', '<p>Bột b&aacute;nh x&egrave;:o 500&nbsp;Gr</p>\r\n\r\n<p>Bột chi&ecirc;n gi&ograve;n: 150&nbsp;Gr</p>\r\n\r\n<p>H&agrave;nh l&aacute;: 1&nbsp;B&oacute;</p>\r\n\r\n<p>Trứng vịt: 5&nbsp;Quả</p>\r\n\r\n<p>Thịt ba chỉ: 500&nbsp;Gr</p>\r\n\r\n<p>T&ocirc;m tươi: 500&nbsp;Gr</p>\r\n\r\n<p>Gi&aacute; đỗ: 300&nbsp;Gr</p>\r\n\r\n<p>Nước: 1&nbsp;L&iacute;t</p>\r\n\r\n<p>Nước cốt dừa: 500&nbsp;ml</p>\r\n', '<h3><strong>Bước 1: L&agrave;m nh&acirc;n b&aacute;nh x&egrave;o Nam bộ</strong></h3>\r\n\r\n<ul>\r\n	<li>Rửa sạch thịt v&agrave; t&ocirc;m. Cắt thịt th&agrave;nh những l&aacute;t mỏng nhỏ. Cắt bỏ đầu v&agrave; ch&acirc;n t&ocirc;m, cho ra rổ để r&aacute;o. X&agrave;o sơ thịt ba chỉ v&agrave; t&ocirc;m cho gần ch&iacute;n (hoặc ch&iacute;n). Đập trứng vịt cho v&agrave;o t&ocirc;, đ&aacute;nh cho tan l&ograve;ng trắng v&agrave; l&ograve;ng đỏ.</li>\r\n</ul>\r\n\r\n<h3><strong>Bước 2: C&aacute;ch pha bột đổ b&aacute;nh x&egrave;o</strong></h3>\r\n\r\n<ul>\r\n	<li>Cho 500gr bột l&agrave;m b&aacute;nh x&egrave;o v&agrave;o thau, cho th&ecirc;m 150gr bột chi&ecirc;n gi&ograve;n c&ugrave;ng 1 l&iacute;t nước s&ocirc;i để nguội (nước lọc) v&agrave;o khuấy cho bột tan ho&agrave;n to&agrave;n.</li>\r\n	<li>\r\n	<p>Khi bột b&aacute;nh x&egrave;o tan to&agrave;n ho&agrave;n, cho th&ecirc;m 1 ch&eacute;n h&agrave;nh l&aacute; cắt nhuyễn, 500ml nước cốt dừa, trứng vịt đ&atilde; đ&aacute;nh v&agrave;o trộn đều.</p>\r\n	</li>\r\n</ul>\r\n\r\n<h3><strong>Bước 4: Đổ b&aacute;nh x&egrave;o</strong></h3>\r\n\r\n<ul>\r\n	<li>L&agrave;m n&oacute;ng chảo, cho v&agrave;o &iacute;t mỡ (hoặc dầu ăn). Khi mỡ n&oacute;ng cho thịt ba chỉ v&agrave; t&ocirc;m v&agrave;o chi&ecirc;n sơ cho thơm. Đổ bột b&aacute;nh v&agrave;o chảo v&agrave; đảo đều cho bột b&aacute;nh x&egrave;o &aacute;o đều mặt chảo. Cho th&ecirc;m &iacute;t gi&aacute; đỗ l&ecirc;n tr&ecirc;n v&agrave; đậy nắp trong 2 - 3 ph&uacute;t.</li>\r\n</ul>\r\n\r\n<h3><strong>Bước 5: Ho&agrave;n th&agrave;nh:</strong></h3>\r\n\r\n<ul>\r\n	<li>B&aacute;nh x&egrave;o Nam bộ được ăn k&egrave;m với nhiều loại rau sống miền T&acirc;y, c&oacute; vị gi&ograve;n m&aacute;t v&agrave; b&eacute;o b&ugrave;i h&ograve;a quyện với nước mắm pha nhạt ăn k&egrave;m b&aacute;nh x&egrave;o chua ngọt, cay cay thật hấp dẫn. Nhiều nơi, ăn b&aacute;nh x&egrave;o k&egrave;m với c&aacute;c loại rau rừng.</li>\r\n</ul>\r\n', 3, 10, '2022-05-04 15:30:25');

-- --------------------------------------------------------

--
-- Cấu trúc bảng cho bảng `users`
--

CREATE TABLE `users` (
  `user_ID` int(11) NOT NULL,
  `username` varchar(255) COLLATE utf8mb4_unicode_ci NOT NULL,
  `password` varchar(30) COLLATE utf8mb4_unicode_ci NOT NULL,
  `level` int(11) NOT NULL,
  `created_on` timestamp NOT NULL DEFAULT CURRENT_TIMESTAMP
) ENGINE=InnoDB DEFAULT CHARSET=utf8mb4 COLLATE=utf8mb4_unicode_ci;

--
-- Đang đổ dữ liệu cho bảng `users`
--

INSERT INTO `users` (`user_ID`, `username`, `password`, `level`, `created_on`) VALUES
(2, 'hang', '1234', 0, '2022-05-02 08:43:44'),
(3, 'admin', '1234', 1, '2022-05-02 08:43:44'),
(5, '123', '1234', 0, '2022-05-02 08:43:44'),
(9, 'hippo', '1234', 0, '2022-05-02 08:43:44'),
(10, 'luu', '1234', 0, '2022-05-02 08:43:44'),
(12, 'Hi', '1234', 0, '2022-05-03 15:07:50'),
(13, 'muối', '12345', 0, '2022-05-03 15:17:04'),
(14, 'vy', '1234', 0, '2022-05-04 10:29:47'),
(15, 'helo', '1234', 0, '2022-05-04 12:34:22'),
(16, 'hanh', '1234', 0, '2022-05-05 10:32:49'),
(17, 'hihi', '1234', 0, '2022-05-05 10:52:12');

--
-- Chỉ mục cho các bảng đã đổ
--

--
-- Chỉ mục cho bảng `category`
--
ALTER TABLE `category`
  ADD PRIMARY KEY (`Cat_ID`);

--
-- Chỉ mục cho bảng `comments`
--
ALTER TABLE `comments`
  ADD PRIMARY KEY (`id`),
  ADD KEY `fk_comments_news` (`NewsID`);

--
-- Chỉ mục cho bảng `news`
--
ALTER TABLE `news`
  ADD PRIMARY KEY (`ProductID`),
  ADD KEY `id` (`user_ID`);

--
-- Chỉ mục cho bảng `users`
--
ALTER TABLE `users`
  ADD PRIMARY KEY (`user_ID`);

--
-- AUTO_INCREMENT cho các bảng đã đổ
--

--
-- AUTO_INCREMENT cho bảng `category`
--
ALTER TABLE `category`
  MODIFY `Cat_ID` int(11) NOT NULL AUTO_INCREMENT, AUTO_INCREMENT=4;

--
-- AUTO_INCREMENT cho bảng `comments`
--
ALTER TABLE `comments`
  MODIFY `id` int(11) NOT NULL AUTO_INCREMENT, AUTO_INCREMENT=186;

--
-- AUTO_INCREMENT cho bảng `news`
--
ALTER TABLE `news`
  MODIFY `ProductID` int(11) NOT NULL AUTO_INCREMENT, AUTO_INCREMENT=66;

--
-- AUTO_INCREMENT cho bảng `users`
--
ALTER TABLE `users`
  MODIFY `user_ID` int(11) NOT NULL AUTO_INCREMENT, AUTO_INCREMENT=19;

--
-- Các ràng buộc cho các bảng đã đổ
--

--
-- Các ràng buộc cho bảng `comments`
--
ALTER TABLE `comments`
  ADD CONSTRAINT `fk_comments_news` FOREIGN KEY (`NewsID`) REFERENCES `news` (`ProductID`) ON DELETE CASCADE ON UPDATE CASCADE;

--
-- Các ràng buộc cho bảng `news`
--
ALTER TABLE `news`
  ADD CONSTRAINT `news_ibfk_1` FOREIGN KEY (`user_ID`) REFERENCES `users` (`user_ID`) ON DELETE CASCADE;
COMMIT;

/*!40101 SET CHARACTER_SET_CLIENT=@OLD_CHARACTER_SET_CLIENT */;
/*!40101 SET CHARACTER_SET_RESULTS=@OLD_CHARACTER_SET_RESULTS */;
/*!40101 SET COLLATION_CONNECTION=@OLD_COLLATION_CONNECTION */;
